,nUMIs,clusters
AAACCAAAGGCAACTC-1,6526.0,2
AAACCATTCACTCCTG-1,270.0,4
AAACCATTCCTGCATT-1,8116.0,0
AAACCCGCACTATCAT-1,290.0,4
AAACCCTGTAGTTGGA-1,293.0,5
AAACCCTGTTGGGTAA-1,15912.0,2
AAACCGCTCAATCCTC-1,176.0,3
AAACCGCTCAGCTACA-1,24157.0,2
AAACCGCTCATCTACC-1,160.0,3
AAACCGCTCCAGCGCA-1,118.0,3
AAACCGCTCCGCCACT-1,18292.0,1
AAACCGCTCCTTCCTC-1,104.0,3
AAACCGCTCGATCGGT-1,14382.0,1
AAACGAATCACTGTCT-1,10137.0,2
AAACGACAGAAGCGTG-1,1658.0,1
AAACGACAGCTACTCT-1,511.0,3
AAACGACAGGTATCGC-1,5696.0,2
AAACGATGTCAATCGT-1,1586.0,1
AAACGCCTCATAGGCC-1,11603.0,2
AAACGCCTCTCATTGC-1,4626.0,2
AAACGGACAATCTCAT-1,290.0,4
AAACGGACACATGCGA-1,11009.0,1
AAACGGGTCATAGGCC-1,503.0,2
AAACGGGTCCTGCTGC-1,12397.0,2
AAACGTAAGCTTACAG-1,971.0,4
AAACGTCCAAGCTGGC-1,12518.0,2
AAACTCACACCTGCAT-1,703.0,4
AAACTCACATAAGGAG-1,17666.0,1
AAACTCACATTACCTG-1,396.0,4
AAACTCCGTCAAGGTA-1,4098.0,1
AAACTCCGTCTCCATC-1,148.0,3
AAACTCCGTTATCATG-1,1077.0,5
AAACTCCGTTTACTAG-1,170.0,3
AAACTTGCAAATCAGC-1,12234.0,1
AAACTTGCAAGGGTCC-1,224.0,4
AAACTTGCACAATGCG-1,539.0,5
AAAGCATGTATTGGCT-1,384.0,5
AAAGCATGTCTGTGAT-1,261.0,3
AAAGCCAGTAGCTCCA-1,1610.0,4
AAAGCCAGTTCGTGAT-1,15102.0,1
AAAGCCAGTTGCTCGA-1,6485.0,1
AAAGCTAAGCGGATGA-1,202.0,5
AAAGCTAAGTCAAGTT-1,179.0,5
AAAGCTGGTATGTGAG-1,292.0,5
AAAGCTGGTCAGCACC-1,232.0,5
AAAGCTGGTTCGCATG-1,1070.0,0
AAAGGTCAGCAATCTG-1,502.0,5
AAAGGTTGTAGTGATG-1,159.0,3
AAAGGTTGTTGGTAAG-1,196.0,5
AAAGTAGTCCCTGGTC-1,165.0,3
AAAGTCAAGGAGCTAG-1,2117.0,0
AAAGTGATCCATGAGC-1,289.0,4
AAAGTTGAGCCAACTA-1,815.0,0
AAATGCAAGGTCATGC-1,220.0,4
AAATGGGCAATGTCGG-1,2383.0,0
AACATTCAGCAGGTAG-1,3122.0,0
AACATTGCACAACCTC-1,2235.0,0
AACCACGCAGCCTAAG-1,1581.0,0
AACCAGGAGTTACCGA-1,2970.0,0
AACGATGGTGATCCGC-1,1583.0,0
AACGCAAGTTGCGCGT-1,3303.0,0
AACGCTATCCGCTAGG-1,787.0,0
AACGCTTGTTCGGGTC-1,1765.0,0
AAGCAAATCCGTCCTA-1,7124.0,0
